timestamp,address
2024/11/12 4:25:35 am CET,0x5dbd0b80a84edf0de5a02b9d3426e4fcfb727e03
2024/11/12 4:27:50 am CET,0xbb9c846b01da0512f1453b8ee43c81f46544a1eb
2024/11/12 4:27:53 am CET,0x12C2C31cE7406b5d93B7B642def59515d7F80F4d
2024/11/12 4:32:18 am CET,0x2d76558481948365af0e2ace3261cb7e807c8b8f
2024/11/12 4:37:45 am CET,0xc4f9195fc89baf192a638b14656087c903026cdc
2024/11/12 5:15:01 am CET,0x4fa3decb91c287a41b3b92a1821e61c0a1dea39f
2024/11/12 6:45:29 am CET,0xce10886243c226837860ac5ab285c6dc9bc4ac58
2024/11/12 7:14:34 am CET,0x49b2A28EAbf21472A0F340d2B51B9Eab5Af5c19B
2024/11/12 7:31:41 am CET,0xdec29e12b0aaae41d74adf8228b61700401d67a9
2024/11/12 8:33:48 am CET,0xd3c7f731cAC9C5769C3a5c873108162368AeA920
2024/11/12 8:42:00 am CET,0x25d37c05F23e827A2E95F8130752925870501656
2024/11/12 9:47:58 am CET,0x49207ec12bb213fcc7504dfc49525f4b08db6f4b
2024/11/12 11:09:27 am CET,0xeaadCb494F806317cfA7F54A3e6D940882B280dD
2024/11/12 11:15:21 am CET,0xBAb27204EB80cb433334A4e6992Da81B0B6B49f4
2024/11/12 11:20:23 am CET,0x7535b9d75Afb279D1c73Ef97Faf0E9107e739010
2024/11/12 12:27:49 pm CET,0x5f4545e8141b17ccecdfbb6fa615d2353bd43e5b
2024/11/12 12:51:59 pm CET,0xCb419e84D4Df2Cb7C6094151E66e51f45154eD62
2024/11/12 12:54:01 pm CET,0x39c006de8e3d362cA2A083CeD679Ea07710Ae949
2024/11/12 1:24:21 pm CET,0xC60DfEe8641d2545F113a6563F0e50Ce8e0CBC5f
2024/11/13 2:15:29 am CET,0xbaD2af77575c36d55C6A22FCBc065892cD779633
2024/11/14 9:10:01 am CET,0x5d606f19b3b3ed8f61bd19274162c3ae7f68326f
2024/11/15 11:22:40 am CET,0x411B6fC3659AA52C312b2f064076b134F84D8Cc4
2024/11/15 11:45:13 am CET,0x2ad229b2c88f077eba0fd93bd2c99a66de9556d4
2024/11/16 1:36:43 am CET,0x9f18eb870b647976964cddc916e448912f7f0016
2024/11/16 11:02:34 am CET,0x8141c5736c8bF15717fD9Ec6B60bA78f5fBEF50E
2024/11/16 11:02:34 am CET,0x06513f7E386b6F8e1c364419fc2d65BA4D8Ba9b9
2024/11/18 2:08:54 pm CET,0x4d8eecd352a245554811814fcf055827494fb4a8
2024/11/18 2:11:02 pm CET,0x8b7a53c4ecca2343c05f4c57533017f8e5b12ac5
2024/11/20 2:20:48 pm CET,0xa5a7ef83F2fd4F425986a9B142EFF8B484b04380
2024/11/21 9:53:47 am CET,0x7b989E2F025cDF1b39Ca45CA01f694caE71ffed9
2024/11/21 10:35:27 am CET,0x7D83c6D878D0F7835CC1f26ee33497A4d678f63B
2024/11/23 10:16:28 am CET,0x5094E31f643E08068Ea0f74122648080dC4537a8
2024/11/24 3:07:25 am CET,0xC3ca2EEBaB3F30Dda4d1a01f250311141a8d10f3
2024/11/26 11:37:29 pm CET,0x1bC5f5320b8aB5d8284309276C89bdBE2B63e78e
2024/12/04 4:17:25 am CET,0x02f875C957BfD3D0B793279Ce4C0D211a8EA9292
2024/12/10 12:57:46 pm CET,0x16D5164401f6d651dBaFd15E4E1eFA03E0e2bD44
2024/12/10 3:56:15 pm CET,0x49430023F9f1139c0c6844130bb3CFce8b0B457E
2024/12/11 1:16:37 pm CET,0xc62819ef143b011B795e256512857d7a907D80aF
2024/12/19 8:05:55 am CET,0x456b0fc86872496165C5a8F298B3505427ad7a50
2025/01/25 1:22:25 am CET,0x9626BA19259FcD80753ef1Fb9723bf30D5d5E9e6
2025/03/09 6:47:26 am CET,0xd001675050750576625772CfEDF6D5F4442Ca432
